{
	"type": "GenericCrafter",
	"outputItem": {"item": "carlatt-fabric", "amount": 1},
	"size": 3,
	"hasPower": true,
	"hasItems": true,
	"craftTime": 90,
	"updateEffect": "smoke",
	"consumes": {
		"power": 3.0,
		"items": {
			"items": [
				{ "item": "graphite", "amount": 3 }
			]
		},
	},
	"requirements": [
		{ "item": "copper", "amount": 130 },
		{ "item": "graphite", "amount": 80 },
		{ "item": "titanium", "amount": 100 }
		{ "item": "thorium", "amount": 50 }
	],
	"category": "crafting",
	"research": "multi-press"
}