{
	"type": "BurstTurret",
	"health": 1000,
	"size": 2,
	"reload": 25,
	"range": 152,
	"maxAmmo": 60,
	"inaccuracy": 8,
	"rotatespeed": 5,
	"shots": 3,
	"burstSpacing": 2,
	"recoil": 2,
	"shootShake": 2,
	"ammoUseEffect": "shellEjectBig",
	"cooldown": 0.04,
	"restitution": 0.03,
	"shootSound": "shootBig",
	"xRand": 3.5,
	"targetAir": true,
	"targetGround": true,
	"category": "turret",
	"ammo": {
		"copper": "standardCopper",
		"graphite": "standardDense",
		"pyratite": "standardIncendiary",
		"silicon": "standardHoming",
		"thorium": "standardThorium",
		"chirunium": {
			"speed": 2.5,
			"lifetime": 60,
			"damage": 9,
			"ammoMultiplier": 3,
			"reloadMultiplier": 1.2,
			"splashDamage": 1,
			"splashDamageRadius": 20,
			"bulletWidth": 8,
			"bulletHeight": 10,
			"frontColor": "eff7ff",
			"backColor": "a0d0f8",
			"shootEffect": "shootSmall",
			"smokeEffect": "shootSmallSmoke",
			"status": "freezing",
			"statusDuration": 900
		}	
	},
	"requirements": [
		{ "item": "copper", "amount": 120 },
		{ "item": "graphite", "amount": 105 },
		{ "item": "titanium", "amount": 85 },
	],
	"research": "salvo"
}