{
	"type": "GenericCrafter",
	"health": 650,
	"itemCapacity": 30,
	"liquidCapacity": 64,
	"hasPower": true,
	"outputLiquid": {"liquid": "slag", "amount": 6},
	"size": 2,
	"hasPower": true,
	"hasLiquids": true,
	"hasItems": true,
	"craftTime": 10,
	"consumes": {
		"power": 3.5,
		"items": {
			"items": [
				{ "item": "scrap", "amount": 3 }
			]
		}
	},
	"requirements": [
		{ "item": "copper", "amount": 150 },
		{ "item": "lead", "amount": 170 },
		{ "item": "titanium", "amount": 60 },
		{ "item": "silicon", "amount": 120 }
	],
	"category": "crafting",
	"research": "melter"
}