{
	"type": "flying",
	"research": {
		"parent": "routerpede",
		"requirements": [
			"titanium/7000",
			"silicon/5000",
			"graphite/3000"
		]
	},

	"speed": 1.9,
	"flying": true,
	"health": 1000,
	"engineSize": 4,
	"engineOffset": 12,
	"rotateSpeed": 1,
	"baseRotateSpeed": 0.3,
	"range": 300,
	"weapons": [{
		"name": "reverout-weapon",
		"x": 4,
		"reload": 20,
		"shots": 3,
		"spacing": 4,
		"bullet": {
			"type": "BasicBulletType",
			"speed": 10,
			"damage": 10,
			"width": 6,
			"height": 6,
			"hitEffect": "blastExplosion",
			"shootEffect": "shootSmall",
			"smokeEffect": "coreLand",
			"ammoMultiplier": 1,
			"homingPower": 3,
			"homingRange": 60,
			"knockback": 0.15,
			"hitShake": 0.25,
			"drag": -0.01,
			"sprite": "router",
			"frontColor": "#ffffff"
		}
	}]
}
