{
    "type": "LogicBlock",
    "range": 612,
    "instructionsPerTick": 88.3333333333,
    "size": 4,
    "health": 520,
    "name": "Phase Alloy Hyper Processor",
    "liquidCapacity": 35,
    "category": "logic",
  "consumes": {
	"liquid": {
	"liquid": "thorium-refrigerant",
	"amount": 0.2,	
	}
  },
	"requirements": [
	{ "item": "plastanium", "amount": 150},
	{ "item": "thorium", "amount": 150 },
	{ "item": "silicon", "amount": 160 },
	{ "item": "phase-alloy", "amount": 65 }
	],
    "description": "Super fast processor. Needs liquid cooling!"
}
